Locus	Name	Sequence	OligoType	Reference
tef1	EF-1	ATGGGTAAGGARGACAAGAC	F	https://doi.org/10.1073/pnas.95.5.2044
tef1	EF-2	GGARGTACCAGTSATCATG	R	https://doi.org/10.1073/pnas.95.5.2044
ITS	ITS5	GGAAGTAAAAGTCGTAACAAGG	F	White et al. (1990)
ITS	ITS4	TCCTCCGCTTATTGATATGC	R	White et al. (1990)
LSU	LR0R	ACCCGCTGAACTTAAGC	F	https://doi.org/10.1073/pnas.91.10.4599
LSU	LR5	ATCCTGAGGGAAACTTC	R	https://doi.org/10.1128/jb.172.8.4238-4246.1990
rpb1	Fa	CAYAARGARTCYATGATGGGWC	F	https://doi.org/10.1128/JCM.00989-10
rpb1	G2R	GTCATYTGDGTDGCDGGYTCDCC	R	https://doi.org/10.1128/JCM.00989-10
rpb2	RPB2-5F2	GGGGWGAYCAGAAGAAGGC	F	https://doi.org/10.1016/j.ympev.2007.03.011
rpb2	RPB2-11aR	GCRTGGATCTTRTCRTCSACC	R	https://doi.org/10.1093/oxfordjournals.molbev.a026092
tub2	T1	AACATGCGTGAGATTGTAAGT	F	https://doi.org/10.1006/mpev.1996.0376
tub2	TUB4RD	CCRGAYTGRCCRAARACRAAGTTGTC	R	https://doi.org/10.3767/003158509X427808
CaM	CAL-228f	GAGTTCAAGGAGGCCTTCTCCC	F	https://doi.org/10.1080/00275514.1999.12061051
CaM	CAL-2Rd	TGRTCNGCCTCDCGGATCATCTC	R	https://doi.org/10.3767/003158511X571841
IGS	NL11	CTGAACGCCTCTAAGTCAG	F	https://doi.org/10.1016/j.fgb.2009.08.006
IGS	CNS1	GAGACAAGCATATGACTAC	R	https://doi.org/10.1016/j.fgb.2009.08.006
BenA	bt2a	TTCCCCCGTCTCCACTTCTTCATG	F	https://doi.org/10.1128/aem.61.4.1323-1330.1995
BenA	bt2b	GACGAGATCGTTCATGTTGAACTC	R	https://doi.org/10.1128/aem.61.4.1323-1330.1995
CaM	cmd5	CCGAGTACAAGGAGGCCTTC	F	https://doi.org/10.1099/ijs.0.63980-0
CaM	cmd6	CCGATAGAGGTCATAACGTGG	R	https://doi.org/10.1099/ijs.0.63980-0
rpb2	 fRPB2-5F	GAYGAYMGWGATCAYTTYGG	F	https://doi.org/10.1093/oxfordjournals.molbev.a026092
rpb2	 fRPB2-7cR	CCCATRGCTTGYTTRCCCAT	R	https://doi.org/10.1093/oxfordjournals.molbev.a026092
